DELETE FROM AspNetUserClaims
DELETE FROM AspNetUserRoles
DELETE FROM AspNetRoles
DELETE FROM AspNetUsers
GO

INSERT [dbo].[AspNetRoles] ([Id], [Name], [Discriminator]) VALUES (N'28bde3d0-157f-4d34-827f-fe40c651b563', N'Student', N'ApplicationRole')
INSERT [dbo].[AspNetRoles] ([Id], [Name], [Discriminator]) VALUES (N'6c15f7c0-576b-4f42-9356-6fa7386c33bc', N'Admin', N'ApplicationRole')
INSERT [dbo].[AspNetRoles] ([Id], [Name], [Discriminator]) VALUES (N'89422c59-5009-4f3f-b94b-cb48b8d555d9', N'Teacher', N'ApplicationRole')
INSERT [dbo].[AspNetRoles] ([Id], [Name], [Discriminator]) VALUES (N'd1b5dca3-4232-44c7-bed8-3df951aa965c', N'User', N'ApplicationRole')

GO
INSERT [dbo].[AspNetUsers] ([Id], [Email], [EmailConfirmed], [PasswordHash], [SecurityStamp], [PhoneNumber], [PhoneNumberConfirmed], [TwoFactorEnabled], [LockoutEndDateUtc], [LockoutEnabled], [AccessFailedCount], [UserName], [Discriminator], [Name], [LastName], [Credit]) VALUES (N'0a0dcbca-2b29-410a-81a6-757e320f4592', N'user-6@anexu.com', 0, N'AJlgMqe8UeT1V1o9bZgIe6e0ba4aKmkXsuE60qKLRFa/tHU3zz7e/y/UaBECwt54vA==', N'a88563cf-7965-4c2c-aa40-3a776f1a9de8', NULL, 0, 0, NULL, 1, 0, N'user-6@anexu.com', N'ApplicationUser', N'Name 6', N'Last Name 6', CAST(100.00 AS Decimal(18, 2)))
INSERT [dbo].[AspNetUsers] ([Id], [Email], [EmailConfirmed], [PasswordHash], [SecurityStamp], [PhoneNumber], [PhoneNumberConfirmed], [TwoFactorEnabled], [LockoutEndDateUtc], [LockoutEnabled], [AccessFailedCount], [UserName], [Discriminator], [Name], [LastName], [Credit]) VALUES (N'0bde5812-4927-4369-a97a-1cb922883ff8', N'user-4@anexu.com', 0, N'AJlgMqe8UeT1V1o9bZgIe6e0ba4aKmkXsuE60qKLRFa/tHU3zz7e/y/UaBECwt54vA==', N'a88563cf-7965-4c2c-aa40-3a776f1a9de8', NULL, 0, 0, NULL, 1, 0, N'user-4@anexu.com', N'ApplicationUser', N'Name 4', N'Last Name 4', CAST(100.00 AS Decimal(18, 2)))
INSERT [dbo].[AspNetUsers] ([Id], [Email], [EmailConfirmed], [PasswordHash], [SecurityStamp], [PhoneNumber], [PhoneNumberConfirmed], [TwoFactorEnabled], [LockoutEndDateUtc], [LockoutEnabled], [AccessFailedCount], [UserName], [Discriminator], [Name], [LastName], [Credit]) VALUES (N'12e0b8ba-1878-4874-a719-b63b450d8ad5', N'user-19@anexu.com', 0, N'AJlgMqe8UeT1V1o9bZgIe6e0ba4aKmkXsuE60qKLRFa/tHU3zz7e/y/UaBECwt54vA==', N'a88563cf-7965-4c2c-aa40-3a776f1a9de8', NULL, 0, 0, NULL, 1, 0, N'user-19@anexu.com', N'ApplicationUser', N'Name 19', N'Last Name 19', CAST(100.00 AS Decimal(18, 2)))
INSERT [dbo].[AspNetUsers] ([Id], [Email], [EmailConfirmed], [PasswordHash], [SecurityStamp], [PhoneNumber], [PhoneNumberConfirmed], [TwoFactorEnabled], [LockoutEndDateUtc], [LockoutEnabled], [AccessFailedCount], [UserName], [Discriminator], [Name], [LastName], [Credit]) VALUES (N'1491e887-fbec-4950-bb1f-d63bde90473e', N'user-3@anexu.com', 0, N'AJlgMqe8UeT1V1o9bZgIe6e0ba4aKmkXsuE60qKLRFa/tHU3zz7e/y/UaBECwt54vA==', N'a88563cf-7965-4c2c-aa40-3a776f1a9de8', NULL, 0, 0, NULL, 1, 0, N'user-3@anexu.com', N'ApplicationUser', N'Name 3', N'Last Name 3', CAST(100.00 AS Decimal(18, 2)))
INSERT [dbo].[AspNetUsers] ([Id], [Email], [EmailConfirmed], [PasswordHash], [SecurityStamp], [PhoneNumber], [PhoneNumberConfirmed], [TwoFactorEnabled], [LockoutEndDateUtc], [LockoutEnabled], [AccessFailedCount], [UserName], [Discriminator], [Name], [LastName], [Credit]) VALUES (N'275366c8-52e5-47d7-a996-0b9e83349841', N'user-13@anexu.com', 0, N'AJlgMqe8UeT1V1o9bZgIe6e0ba4aKmkXsuE60qKLRFa/tHU3zz7e/y/UaBECwt54vA==', N'a88563cf-7965-4c2c-aa40-3a776f1a9de8', NULL, 0, 0, NULL, 1, 0, N'user-13@anexu.com', N'ApplicationUser', N'Name 13', N'Last Name 13', CAST(100.00 AS Decimal(18, 2)))
INSERT [dbo].[AspNetUsers] ([Id], [Email], [EmailConfirmed], [PasswordHash], [SecurityStamp], [PhoneNumber], [PhoneNumberConfirmed], [TwoFactorEnabled], [LockoutEndDateUtc], [LockoutEnabled], [AccessFailedCount], [UserName], [Discriminator], [Name], [LastName], [Credit]) VALUES (N'2c89927b-e38f-4658-8a4a-c1fc4d24f900', N'user-1@anexu.com', 0, N'AJlgMqe8UeT1V1o9bZgIe6e0ba4aKmkXsuE60qKLRFa/tHU3zz7e/y/UaBECwt54vA==', N'a88563cf-7965-4c2c-aa40-3a776f1a9de8', NULL, 0, 0, NULL, 1, 0, N'user-1@anexu.com', N'ApplicationUser', N'Name 1', N'Last Name 1', CAST(100.00 AS Decimal(18, 2)))
INSERT [dbo].[AspNetUsers] ([Id], [Email], [EmailConfirmed], [PasswordHash], [SecurityStamp], [PhoneNumber], [PhoneNumberConfirmed], [TwoFactorEnabled], [LockoutEndDateUtc], [LockoutEnabled], [AccessFailedCount], [UserName], [Discriminator], [Name], [LastName], [Credit]) VALUES (N'54ca910e-9156-48de-b3e3-cbaccba35632', N'user-20@anexu.com', 0, N'AJlgMqe8UeT1V1o9bZgIe6e0ba4aKmkXsuE60qKLRFa/tHU3zz7e/y/UaBECwt54vA==', N'a88563cf-7965-4c2c-aa40-3a776f1a9de8', NULL, 0, 0, NULL, 1, 0, N'user-20@anexu.com', N'ApplicationUser', N'Name 20', N'Last Name 20', CAST(100.00 AS Decimal(18, 2)))
INSERT [dbo].[AspNetUsers] ([Id], [Email], [EmailConfirmed], [PasswordHash], [SecurityStamp], [PhoneNumber], [PhoneNumberConfirmed], [TwoFactorEnabled], [LockoutEndDateUtc], [LockoutEnabled], [AccessFailedCount], [UserName], [Discriminator], [Name], [LastName], [Credit]) VALUES (N'60431abe-a336-4681-8dbd-9f797be78328', N'user-8@anexu.com', 0, N'AJlgMqe8UeT1V1o9bZgIe6e0ba4aKmkXsuE60qKLRFa/tHU3zz7e/y/UaBECwt54vA==', N'a88563cf-7965-4c2c-aa40-3a776f1a9de8', NULL, 0, 0, NULL, 1, 0, N'user-8@anexu.com', N'ApplicationUser', N'Name 8', N'Last Name 8', CAST(100.00 AS Decimal(18, 2)))
INSERT [dbo].[AspNetUsers] ([Id], [Email], [EmailConfirmed], [PasswordHash], [SecurityStamp], [PhoneNumber], [PhoneNumberConfirmed], [TwoFactorEnabled], [LockoutEndDateUtc], [LockoutEnabled], [AccessFailedCount], [UserName], [Discriminator], [Name], [LastName], [Credit]) VALUES (N'6097cd6a-8018-42dc-a04e-527486575386', N'user-7@anexu.com', 0, N'AJlgMqe8UeT1V1o9bZgIe6e0ba4aKmkXsuE60qKLRFa/tHU3zz7e/y/UaBECwt54vA==', N'a88563cf-7965-4c2c-aa40-3a776f1a9de8', NULL, 0, 0, NULL, 1, 0, N'user-7@anexu.com', N'ApplicationUser', N'Name 7', N'Last Name 7', CAST(100.00 AS Decimal(18, 2)))
INSERT [dbo].[AspNetUsers] ([Id], [Email], [EmailConfirmed], [PasswordHash], [SecurityStamp], [PhoneNumber], [PhoneNumberConfirmed], [TwoFactorEnabled], [LockoutEndDateUtc], [LockoutEnabled], [AccessFailedCount], [UserName], [Discriminator], [Name], [LastName], [Credit]) VALUES (N'83ad2bf9-79b2-4eda-8bcf-df298f5388cd', N'user-10@anexu.com', 0, N'AJlgMqe8UeT1V1o9bZgIe6e0ba4aKmkXsuE60qKLRFa/tHU3zz7e/y/UaBECwt54vA==', N'a88563cf-7965-4c2c-aa40-3a776f1a9de8', NULL, 0, 0, NULL, 1, 0, N'user-10@anexu.com', N'ApplicationUser', N'Name 10', N'Last Name 10', CAST(100.00 AS Decimal(18, 2)))
INSERT [dbo].[AspNetUsers] ([Id], [Email], [EmailConfirmed], [PasswordHash], [SecurityStamp], [PhoneNumber], [PhoneNumberConfirmed], [TwoFactorEnabled], [LockoutEndDateUtc], [LockoutEnabled], [AccessFailedCount], [UserName], [Discriminator], [Name], [LastName], [Credit]) VALUES (N'83de0e2c-88d1-4573-81ed-4b7b37c1d71a', N'user-14@anexu.com', 0, N'AJlgMqe8UeT1V1o9bZgIe6e0ba4aKmkXsuE60qKLRFa/tHU3zz7e/y/UaBECwt54vA==', N'a88563cf-7965-4c2c-aa40-3a776f1a9de8', NULL, 0, 0, NULL, 1, 0, N'user-14@anexu.com', N'ApplicationUser', N'Name 14', N'Last Name 14', CAST(100.00 AS Decimal(18, 2)))
INSERT [dbo].[AspNetUsers] ([Id], [Email], [EmailConfirmed], [PasswordHash], [SecurityStamp], [PhoneNumber], [PhoneNumberConfirmed], [TwoFactorEnabled], [LockoutEndDateUtc], [LockoutEnabled], [AccessFailedCount], [UserName], [Discriminator], [Name], [LastName], [Credit]) VALUES (N'97db5c11-1d68-44f3-8cb9-d7bc53566b56', N'user-11@anexu.com', 0, N'AJlgMqe8UeT1V1o9bZgIe6e0ba4aKmkXsuE60qKLRFa/tHU3zz7e/y/UaBECwt54vA==', N'a88563cf-7965-4c2c-aa40-3a776f1a9de8', NULL, 0, 0, NULL, 1, 0, N'user-11@anexu.com', N'ApplicationUser', N'Name 11', N'Last Name 11', CAST(100.00 AS Decimal(18, 2)))
INSERT [dbo].[AspNetUsers] ([Id], [Email], [EmailConfirmed], [PasswordHash], [SecurityStamp], [PhoneNumber], [PhoneNumberConfirmed], [TwoFactorEnabled], [LockoutEndDateUtc], [LockoutEnabled], [AccessFailedCount], [UserName], [Discriminator], [Name], [LastName], [Credit]) VALUES (N'9d9c71e6-0a33-48b8-977f-6a8f067d19ba', N'user-9@anexu.com', 0, N'AJlgMqe8UeT1V1o9bZgIe6e0ba4aKmkXsuE60qKLRFa/tHU3zz7e/y/UaBECwt54vA==', N'a88563cf-7965-4c2c-aa40-3a776f1a9de8', NULL, 0, 0, NULL, 1, 0, N'user-9@anexu.com', N'ApplicationUser', N'Name 9', N'Last Name 9', CAST(100.00 AS Decimal(18, 2)))
INSERT [dbo].[AspNetUsers] ([Id], [Email], [EmailConfirmed], [PasswordHash], [SecurityStamp], [PhoneNumber], [PhoneNumberConfirmed], [TwoFactorEnabled], [LockoutEndDateUtc], [LockoutEnabled], [AccessFailedCount], [UserName], [Discriminator], [Name], [LastName], [Credit]) VALUES (N'bcb368a1-e697-4411-96e0-4983ba3ddeb6', N'user-5@anexu.com', 0, N'AJlgMqe8UeT1V1o9bZgIe6e0ba4aKmkXsuE60qKLRFa/tHU3zz7e/y/UaBECwt54vA==', N'a88563cf-7965-4c2c-aa40-3a776f1a9de8', NULL, 0, 0, NULL, 1, 0, N'user-5@anexu.com', N'ApplicationUser', N'Name 5', N'Last Name 5', CAST(100.00 AS Decimal(18, 2)))
INSERT [dbo].[AspNetUsers] ([Id], [Email], [EmailConfirmed], [PasswordHash], [SecurityStamp], [PhoneNumber], [PhoneNumberConfirmed], [TwoFactorEnabled], [LockoutEndDateUtc], [LockoutEnabled], [AccessFailedCount], [UserName], [Discriminator], [Name], [LastName], [Credit]) VALUES (N'bf4043b6-af3d-4327-a9fb-c6c2fcadc53b', N'user-2@anexu.com', 0, N'AJlgMqe8UeT1V1o9bZgIe6e0ba4aKmkXsuE60qKLRFa/tHU3zz7e/y/UaBECwt54vA==', N'a88563cf-7965-4c2c-aa40-3a776f1a9de8', NULL, 0, 0, NULL, 1, 0, N'user-2@anexu.com', N'ApplicationUser', N'Name 2', N'Last Name 2', CAST(100.00 AS Decimal(18, 2)))
INSERT [dbo].[AspNetUsers] ([Id], [Email], [EmailConfirmed], [PasswordHash], [SecurityStamp], [PhoneNumber], [PhoneNumberConfirmed], [TwoFactorEnabled], [LockoutEndDateUtc], [LockoutEnabled], [AccessFailedCount], [UserName], [Discriminator], [Name], [LastName], [Credit]) VALUES (N'c0f5d135-b3eb-4c93-a3b3-ab63deccf980', N'user-18@anexu.com', 0, N'AJlgMqe8UeT1V1o9bZgIe6e0ba4aKmkXsuE60qKLRFa/tHU3zz7e/y/UaBECwt54vA==', N'a88563cf-7965-4c2c-aa40-3a776f1a9de8', NULL, 0, 0, NULL, 1, 0, N'user-18@anexu.com', N'ApplicationUser', N'Name 18', N'Last Name 18', CAST(100.00 AS Decimal(18, 2)))
INSERT [dbo].[AspNetUsers] ([Id], [Email], [EmailConfirmed], [PasswordHash], [SecurityStamp], [PhoneNumber], [PhoneNumberConfirmed], [TwoFactorEnabled], [LockoutEndDateUtc], [LockoutEnabled], [AccessFailedCount], [UserName], [Discriminator], [Name], [LastName], [Credit]) VALUES (N'c3ec0188-ea1d-4d75-92cd-6d3869772d3f', N'user-17@anexu.com', 0, N'AJlgMqe8UeT1V1o9bZgIe6e0ba4aKmkXsuE60qKLRFa/tHU3zz7e/y/UaBECwt54vA==', N'a88563cf-7965-4c2c-aa40-3a776f1a9de8', NULL, 0, 0, NULL, 1, 0, N'user-17@anexu.com', N'ApplicationUser', N'Name 17', N'Last Name 17', CAST(100.00 AS Decimal(18, 2)))
INSERT [dbo].[AspNetUsers] ([Id], [Email], [EmailConfirmed], [PasswordHash], [SecurityStamp], [PhoneNumber], [PhoneNumberConfirmed], [TwoFactorEnabled], [LockoutEndDateUtc], [LockoutEnabled], [AccessFailedCount], [UserName], [Discriminator], [Name], [LastName], [Credit]) VALUES (N'db3dbe2c-6e5b-42e2-b2e6-b2d28fde4bae', N'admin@anexu.com', 0, N'AJlgMqe8UeT1V1o9bZgIe6e0ba4aKmkXsuE60qKLRFa/tHU3zz7e/y/UaBECwt54vA==', N'a88563cf-7965-4c2c-aa40-3a776f1a9de8', NULL, 0, 0, NULL, 1, 0, N'admin@anexu.com', N'ApplicationUser', N'Eduardo', N'Rodríguez', CAST(100.00 AS Decimal(18, 2)))
INSERT [dbo].[AspNetUsers] ([Id], [Email], [EmailConfirmed], [PasswordHash], [SecurityStamp], [PhoneNumber], [PhoneNumberConfirmed], [TwoFactorEnabled], [LockoutEndDateUtc], [LockoutEnabled], [AccessFailedCount], [UserName], [Discriminator], [Name], [LastName], [Credit]) VALUES (N'db79050b-7551-43cc-b803-f767452a4128', N'user-16@anexu.com', 0, N'AJlgMqe8UeT1V1o9bZgIe6e0ba4aKmkXsuE60qKLRFa/tHU3zz7e/y/UaBECwt54vA==', N'a88563cf-7965-4c2c-aa40-3a776f1a9de8', NULL, 0, 0, NULL, 1, 0, N'user-16@anexu.com', N'ApplicationUser', N'Name 16', N'Last Name 16', CAST(100.00 AS Decimal(18, 2)))
INSERT [dbo].[AspNetUsers] ([Id], [Email], [EmailConfirmed], [PasswordHash], [SecurityStamp], [PhoneNumber], [PhoneNumberConfirmed], [TwoFactorEnabled], [LockoutEndDateUtc], [LockoutEnabled], [AccessFailedCount], [UserName], [Discriminator], [Name], [LastName], [Credit]) VALUES (N'f83554b3-d698-4519-8c9f-83e008c4a0db', N'user-12@anexu.com', 0, N'AJlgMqe8UeT1V1o9bZgIe6e0ba4aKmkXsuE60qKLRFa/tHU3zz7e/y/UaBECwt54vA==', N'a88563cf-7965-4c2c-aa40-3a776f1a9de8', NULL, 0, 0, NULL, 1, 0, N'user-12@anexu.com', N'ApplicationUser', N'Name 12', N'Last Name 12', CAST(100.00 AS Decimal(18, 2)))
INSERT [dbo].[AspNetUsers] ([Id], [Email], [EmailConfirmed], [PasswordHash], [SecurityStamp], [PhoneNumber], [PhoneNumberConfirmed], [TwoFactorEnabled], [LockoutEndDateUtc], [LockoutEnabled], [AccessFailedCount], [UserName], [Discriminator], [Name], [LastName], [Credit]) VALUES (N'f88e34be-f36d-46d0-9229-20d2b628d24b', N'user-15@anexu.com', 0, N'AJlgMqe8UeT1V1o9bZgIe6e0ba4aKmkXsuE60qKLRFa/tHU3zz7e/y/UaBECwt54vA==', N'a88563cf-7965-4c2c-aa40-3a776f1a9de8', NULL, 0, 0, NULL, 1, 0, N'user-15@anexu.com', N'ApplicationUser', N'Name 15', N'Last Name 15', CAST(100.00 AS Decimal(18, 2)))

GO

INSERT [dbo].[AspNetUserRoles] ([UserId], [RoleId], [Discriminator]) VALUES (N'0a0dcbca-2b29-410a-81a6-757e320f4592', N'd1b5dca3-4232-44c7-bed8-3df951aa965c', N'ApplicationUserRole')
INSERT [dbo].[AspNetUserRoles] ([UserId], [RoleId], [Discriminator]) VALUES (N'0bde5812-4927-4369-a97a-1cb922883ff8', N'd1b5dca3-4232-44c7-bed8-3df951aa965c', N'ApplicationUserRole')
INSERT [dbo].[AspNetUserRoles] ([UserId], [RoleId], [Discriminator]) VALUES (N'12e0b8ba-1878-4874-a719-b63b450d8ad5', N'd1b5dca3-4232-44c7-bed8-3df951aa965c', N'ApplicationUserRole')
INSERT [dbo].[AspNetUserRoles] ([UserId], [RoleId], [Discriminator]) VALUES (N'1491e887-fbec-4950-bb1f-d63bde90473e', N'd1b5dca3-4232-44c7-bed8-3df951aa965c', N'ApplicationUserRole')
INSERT [dbo].[AspNetUserRoles] ([UserId], [RoleId], [Discriminator]) VALUES (N'275366c8-52e5-47d7-a996-0b9e83349841', N'd1b5dca3-4232-44c7-bed8-3df951aa965c', N'ApplicationUserRole')
INSERT [dbo].[AspNetUserRoles] ([UserId], [RoleId], [Discriminator]) VALUES (N'2c89927b-e38f-4658-8a4a-c1fc4d24f900', N'd1b5dca3-4232-44c7-bed8-3df951aa965c', N'ApplicationUserRole')
INSERT [dbo].[AspNetUserRoles] ([UserId], [RoleId], [Discriminator]) VALUES (N'54ca910e-9156-48de-b3e3-cbaccba35632', N'd1b5dca3-4232-44c7-bed8-3df951aa965c', N'ApplicationUserRole')
INSERT [dbo].[AspNetUserRoles] ([UserId], [RoleId], [Discriminator]) VALUES (N'60431abe-a336-4681-8dbd-9f797be78328', N'd1b5dca3-4232-44c7-bed8-3df951aa965c', N'ApplicationUserRole')
INSERT [dbo].[AspNetUserRoles] ([UserId], [RoleId], [Discriminator]) VALUES (N'6097cd6a-8018-42dc-a04e-527486575386', N'd1b5dca3-4232-44c7-bed8-3df951aa965c', N'ApplicationUserRole')
INSERT [dbo].[AspNetUserRoles] ([UserId], [RoleId], [Discriminator]) VALUES (N'83ad2bf9-79b2-4eda-8bcf-df298f5388cd', N'd1b5dca3-4232-44c7-bed8-3df951aa965c', N'ApplicationUserRole')
INSERT [dbo].[AspNetUserRoles] ([UserId], [RoleId], [Discriminator]) VALUES (N'83de0e2c-88d1-4573-81ed-4b7b37c1d71a', N'd1b5dca3-4232-44c7-bed8-3df951aa965c', N'ApplicationUserRole')
INSERT [dbo].[AspNetUserRoles] ([UserId], [RoleId], [Discriminator]) VALUES (N'97db5c11-1d68-44f3-8cb9-d7bc53566b56', N'd1b5dca3-4232-44c7-bed8-3df951aa965c', N'ApplicationUserRole')
INSERT [dbo].[AspNetUserRoles] ([UserId], [RoleId], [Discriminator]) VALUES (N'9d9c71e6-0a33-48b8-977f-6a8f067d19ba', N'd1b5dca3-4232-44c7-bed8-3df951aa965c', N'ApplicationUserRole')
INSERT [dbo].[AspNetUserRoles] ([UserId], [RoleId], [Discriminator]) VALUES (N'bcb368a1-e697-4411-96e0-4983ba3ddeb6', N'd1b5dca3-4232-44c7-bed8-3df951aa965c', N'ApplicationUserRole')
INSERT [dbo].[AspNetUserRoles] ([UserId], [RoleId], [Discriminator]) VALUES (N'bf4043b6-af3d-4327-a9fb-c6c2fcadc53b', N'd1b5dca3-4232-44c7-bed8-3df951aa965c', N'ApplicationUserRole')
INSERT [dbo].[AspNetUserRoles] ([UserId], [RoleId], [Discriminator]) VALUES (N'c0f5d135-b3eb-4c93-a3b3-ab63deccf980', N'd1b5dca3-4232-44c7-bed8-3df951aa965c', N'ApplicationUserRole')
INSERT [dbo].[AspNetUserRoles] ([UserId], [RoleId], [Discriminator]) VALUES (N'c3ec0188-ea1d-4d75-92cd-6d3869772d3f', N'd1b5dca3-4232-44c7-bed8-3df951aa965c', N'ApplicationUserRole')
INSERT [dbo].[AspNetUserRoles] ([UserId], [RoleId], [Discriminator]) VALUES (N'db3dbe2c-6e5b-42e2-b2e6-b2d28fde4bae', N'6c15f7c0-576b-4f42-9356-6fa7386c33bc', N'ApplicationUserRole')
INSERT [dbo].[AspNetUserRoles] ([UserId], [RoleId], [Discriminator]) VALUES (N'db3dbe2c-6e5b-42e2-b2e6-b2d28fde4bae', N'd1b5dca3-4232-44c7-bed8-3df951aa965c', N'ApplicationUserRole')
INSERT [dbo].[AspNetUserRoles] ([UserId], [RoleId], [Discriminator]) VALUES (N'db79050b-7551-43cc-b803-f767452a4128', N'd1b5dca3-4232-44c7-bed8-3df951aa965c', N'ApplicationUserRole')
INSERT [dbo].[AspNetUserRoles] ([UserId], [RoleId], [Discriminator]) VALUES (N'f83554b3-d698-4519-8c9f-83e008c4a0db', N'd1b5dca3-4232-44c7-bed8-3df951aa965c', N'ApplicationUserRole')
INSERT [dbo].[AspNetUserRoles] ([UserId], [RoleId], [Discriminator]) VALUES (N'f88e34be-f36d-46d0-9229-20d2b628d24b', N'd1b5dca3-4232-44c7-bed8-3df951aa965c', N'ApplicationUserRole')

